역코드(STN_CD),역명(STN_NM),역약어명(STN_AVVR_NM)
0000924,송도교,송도교
3900000,본청,본청
3900001,서지청,서지청
3900002,대지청,대지청
3900003,순지청,순지청
3900004,영지청,영지청
3900005,부지청,부지청
3900006,서열소,서열소
3900007,량열소,량열소
3900008,구로열차소,구로열
3900009,대열소,대열소
3900010,천안열분,천안열
3900011,김천열분,김천열
3900012,순열소,순열소
3900013,익산열분,익산열
3900014,광주열분,광주열
3900015,영열소,영열소
3900016,제천열분,제천열
3900017,안동열주,안동열
3900018,동열소,동열소
3900019,부열소,부열소
3900020,대구열분,대구열
3900021,마산열분,마산열
3900022,경주열분,경주열
3900023,서울,서울
3900024,남영,남영
3900025,용산,용산
3900026,용산경부분,용산경
3900026,용산경부분,용산부
3900027,노량진,노량진
3900028,대방,대방
3900029,신길,신길
3900030,영등포,영등포
3900031,신도림,신도림
3900032,구로,구로
3900033,구로경부분,구로경
3900033,구로경부분,구로부
3900034,가리봉,가리봉
3900034,가산디지털,가산디
3900035,독산,독산
3900036,시흥,시흥
3900036,금천구청,금천구
3900037,석수,석수
3900038,관악,관악
3900039,안양,안양
3900040,명학,명학
3900041,금정,금정
3900042,군포,군포
3900043,당정,당정
3900044,부곡,부곡
3900044,의왕,의왕
3900045,성균관대,성균관
3900046,화서,화서
3900047,수원,수원
3900048,세류,세류
3900049,병점,병점
3900050,세마,세마
3900051,오산대,오산대
3900052,오산,오산
3900053,진위,진위
3900054,송탄,송탄
3900055,서정리,서정리
3900056,지제,지제
3900056,1평택지제,평지제
3900057,평택,평택
3900058,성환,성환
3900059,직산,직산
3900060,두정,두정
3900061,천안,천안
3900062,소정리,소정리
3900063,전의,전의
3900064,전동,전동
3900065,서창,서창
3900066,조치원,조치원
3900067,내판,내판
3900068,부강,부강
3900069,매포,매포
3900070,신탄진,신탄진
3900071,회덕,회덕
3900072,대전조차장,대전조
3900073,대전,대전
3900074,세천,세천
3900075,옥천,옥천
3900076,이원,이원
3900077,지탄,지탄
3900078,심천,심천
3900079,각계,각계
3900080,영동,영동
3900081,황간,황간
3900082,추풍령,추풍령
3900083,신암,신암
3900084,직지사,직지사
3900085,김천,김천
3900086,대신,대신
3900087,아포,아포
3900088,구미,구미
3900089,사곡,사곡
3900090,약목,약목
3900091,왜관,왜관
3900092,연화,연화
3900093,신동,신동
3900094,지천,지천
3900095,대구,대구
3900096,동대구,동대구
3900097,고모,고모
3900098,가천,가천
3900099,경산,경산
3900100,삼성,삼성
3900101,남성현,남성현
3900102,청도,청도
3900103,신거,신거
3900104,상동,상동
3900105,밀양,밀양
3900106,미전,미전
3900107,삼랑진,삼랑진
3900108,원동,원동
3900109,물금,물금
3900110,화명,화명
3900111,구포,구포
3900112,사상,사상
3900113,부산진,부산진
3900114,부산,부산
3900115,중랑,중랑
3900116,망우,망우
3900117,양원역,양원역
3900117,1양원,1양원
3900118,동교,동교
3900119,구리,구리
3900120,도농,도농
3900121,양정역,양정역
3900121,1양정,1양정
3900122,덕소,덕소
3900123,도심,도심
3900124,팔당,팔당
3900125,능내,능내
3900125,운길산,운길산
3900126,양수,양수
3900127,신원,신원
3900128,국수,국수
3900129,아신,아신
3900130,양평,양평
3900131,원덕,원덕
3900132,용문,용문
3900133,지평,지평
3900134,석불,석불
3900135,구둔,구둔
3900135,일신,일신
3900136,매곡,매곡
3900137,양동,양동
3900138,판대,판대
3900138,삼산,삼산
3900139,간현,간현
3900140,동화,동화
3900141,만종,만종
3900142,원주,원주
3900142,구원주,구원주
3900143,유교,유교
3900144,반곡,반곡
3900145,금교,금교
3900146,치악,치악
3900147,창교,창교
3900148,신림,신림
3900149,연교,연교
3900150,구학,구학
3900151,봉양,봉양
3900152,제천조차장,제천조
3900153,제천,제천
3900154,고명,고명
3900155,삼곡,삼곡
3900156,도담,도담
3900157,단양,단양
3900158,단성,단성
3900159,죽령,죽령
3900160,희방사,희방사
3900161,풍기,풍기
3900162,안정,안정
3900163,북영주,북영주
3900164,영주,영주
3900165,문수,문수
3900166,승문,승문
3900167,평은,평은
3900168,옹천,옹천
3900169,마사,마사
3900170,이하,이하
3900171,서지,서지
3900172,안동,안동
3900172,구안동,구안동
3900173,무릉,무릉
3900174,운산,운산
3900175,단촌,단촌
3900176,업동,업동
3900177,의성,의성
3900178,비봉,비봉
3900179,탑리,탑리
3900180,우보,우보
3900181,화본,화본
3900182,봉림,봉림
3900183,갑현,갑현
3900184,신녕,신녕
3900185,화산,화산
3900186,북영천,북영천
3900187,영천,영천
3900188,송포,송포
3900189,임포,임포
3900190,아화,아화
3900191,건천,건천
3900192,모량,모량
3900192,구모량,구모량
3900193,율동,율동
3900194,금장,금장
3900194,서경주,서경주
3900194,구서경주,구서경
3900195,서대전,서대전
3900196,가수원,가수원
3900197,흑석리,흑석리
3900198,원정,원정
3900199,두계,두계
3900199,계룡,계룡
3900200,신도,신도
3900201,개태사,개태사
3900202,연산,연산
3900203,부황,부황
3900204,논산,논산
3900205,채운,채운
3900206,강경,강경
3900207,용동,용동
3900208,함열,함열
3900209,다산,다산
3900210,황등,황등
3900211,익산,익산
3900212,부용,부용
3900213,와룡,와룡
3900214,김제,김제
3900215,감곡,감곡
3900216,신태인,신태인
3900217,초강,초강
3900218,정읍,정읍
3900219,천원,천원
3900220,노령,노령
3900221,백양사,백양사
3900222,신흥리,신흥리
3900223,안평,안평
3900224,장성,장성
3900225,옥정,옥정
3900226,임곡,임곡
3900227,하남,하남
3900228,북송정,북송정
3900228,북송정분기,북송분
3900229,송정리,송정리
3900229,광주송정,광주송
3900230,노안,노안
3900231,나주,나주
3900232,영산포,영산포
3900233,다시,다시
3900234,고막원,고막원
3900235,함평,함평
3900236,무안,무안
3900237,몽탄,몽탄
3900238,명산,명산
3900239,일로,일로
3900240,임성리,임성리
3900241,동목포,동목포
3900242,목포,목포
3900243,동익산,동익산
3900244,춘포,춘포
3900245,삼례,삼례
3900246,동산,동산
3900247,송천,송천
3900248,전주,전주
3900249,아중,아중
3900250,신리,신리
3900251,죽림온천,죽림온
3900252,관촌,관촌
3900253,임실,임실
3900254,오류,오류
3900255,봉천,봉천
3900256,오수,오수
3900257,서도,서도
3900258,산성,산성
3900259,남원,남원
3900260,주생,주생
3900261,옹정,옹정
3900262,금지,금지
3900263,곡성,곡성
3900264,압록,압록
3900265,구례구,구례구
3900266,봉덕,봉덕
3900267,괴목,괴목
3900268,개운,개운
3900269,동운,동운
3900270,동순천,동순천
3900271,순천,순천
3900272,성산,성산
3900273,율촌,율촌
3900274,신풍,신풍
3900275,덕양,덕양
3900276,여천,여천
3900277,미평,미평
3900278,만성,만성
3900279,여수,여수
3900279,여수엑스포,엑스포
3900280,오송,오송
3900281,청주,청주
3900282,오근장,오근장
3900283,청주공항,청주공
3900284,내수,내수
3900285,증평,증평
3900286,도안,도안
3900287,보천,보천
3900288,음성,음성
3900289,소이,소이
3900290,주덕,주덕
3900291,달천,달천
3900292,충주,충주
3900293,목행,목행
3900294,동량,동량
3900295,삼탄,삼탄
3900296,공전,공전
3900297,구로경인분,구로인
3900297,구로경인분,구로경
3900298,구일,구일
3900299,개봉,개봉
3900300,오류동,오류동
3900301,온수,온수
3900302,역곡,역곡
3900303,소사,소사
3900304,부천,부천
3900305,중동,중동
3900306,송내,송내
3900307,부개,부개
3900308,부평,부평
3900309,백운,백운
3900310,동암,동암
3900311,간석,간석
3900312,주안,주안
3900313,도화,도화
3900314,제물포,제물포
3900315,도원,도원
3900316,동인천,동인천
3900317,인천,인천
3900318,봉명,봉명
3900319,쌍용동,쌍용동
3900319,쌍용나사렛,쌍용나
3900320,아산,아산
3900321,모산,모산
3900321,배방,배방
3900322,온양온천,온양온
3900323,신창,신창
3900323,신창순천향,신창순
3900324,도고온천,도고온
3900325,학성,학성
3900326,선장,선장
3900327,신례원,신례원
3900328,예산,예산
3900329,오가,오가
3900330,삽교,삽교
3900331,화양,화양
3900332,홍성,홍성
3900333,신성,신성
3900334,광천,광천
3900335,원죽,원죽
3900336,청소,청소
3900337,주포,주포
3900338,대천,대천
3900339,주교,주교
3900340,남포,남포
3900341,웅천,웅천
3900341,구웅천,구웅천
3900342,간치,간치
3900343,판교,판교
3900344,주산,주산
3900345,서천,서천
3900346,신장항,신장항
3900346,장항,장항
3900347,기동,기동
3900348,신군산,신군산
3900348,군산,군산
3900349,삼산,삼산
3900349,구삼산,구삼산
3900350,군산화분기,군산분
3900351,대야,대야
3900351,구대야,구대야
3900352,임피,임피
3900353,오산리,오산리
3900354,장항,장항
3900354,장항화물,장항화
3900355,신촌,신촌
3900356,가좌,가좌
3900357,디엠시,디엠시
3900357,디지털시티,디엠시
3900358,수색,수색
3900359,화전,화전
3900359,한국항공대,항공대
3900360,구강매,구강매
3900361,행신,행신
3900362,능곡,능곡
3900363,대곡,대곡
3900364,곡산,곡산
3900365,백마,백마
3900366,풍산,풍산
3900367,일산,일산
3900368,탄현,탄현
3900369,운정,운정
3900370,금릉,금릉
3900371,금촌,금촌
3900372,월롱,월롱
3900373,파주,파주
3900374,문산,문산
3900375,운천,운천
3900376,임진강,임진강
3900377,도라산,도라산
3900378,판문,판문
3900379,효창,효창
3900379,효창공원앞,효창공
3900380,서강,서강
3900380,서강대,서강대
3900381,용산경원분,용산원
3900381,용산경원분,용산경
3900382,이촌,이촌
3900383,서빙고,서빙고
3900384,한남,한남
3900385,옥수,옥수
3900386,응봉,응봉
3900387,왕십리,왕십리
3900388,청량리,청량리
3900389,회기,회기
3900390,외대앞,외대앞
3900391,신이문,신이문
3900392,석계,석계
3900393,성북,성북
3900393,광운대,광운대
3900394,월계,월계
3900395,녹천,녹천
3900396,창동,창동
3900397,방학,방학
3900398,도봉,도봉
3900399,도봉산,도봉산
3900400,망월사,망월사
3900401,회룡,회룡
3900402,의정부,의정부
3900403,의정북부,의정북
3900403,가능,가능
3900404,녹양,녹양
3900405,주내,주내
3900405,양주,양주
3900406,마전,마전
3900407,덕계,덕계
3900408,덕정,덕정
3900409,지행,지행
3900410,동두천,동두천
3900410,동두천중앙,동두중
3900411,보산,보산
3900412,동안,동안
3900412,동두천,동두천
3900413,소요산,소요산
3900414,초성리,초성리
3900414,청산,청산
3900415,한탄강,한탄강
3900416,전곡,전곡
3900417,연천,연천
3900418,신망리,신망리
3900419,대광리,대광리
3900420,신탄리,신탄리
3900421,신공덕,신공덕
3900422,화랑대,화랑대
3900423,퇴계원,퇴계원
3900424,사릉,사릉
3900425,금곡,금곡
3900426,평내,평내
3900426,평내호평,평내호
3900427,마석,마석
3900428,대성리,대성리
3900429,청평,청평
3900430,상천,상천
3900431,가평,가평
3900432,경강,경강
3900432,굴봉산,굴봉산
3900433,백양리,백양리
3900434,강촌,강촌
3900435,신남,신남
3900435,김유정,김유정
3900436,남춘천,남춘천
3900437,춘천,춘천
3900438,대정,대정
3900439,원릉,원릉
3900440,삼릉,삼릉
3900441,벽제,벽제
3900442,일영,일영
3900443,장흥,장흥
3900444,온릉,온릉
3900445,송추,송추
3900446,이문,이문
3900447,의왕,의왕
3900447,오봉,오봉
3900448,옥마,옥마
3900449,원두,원두
3900450,춘장대,춘장대
3900451,동백정,동백정
3900452,산본,산본
3900453,수리산역,수리산
3900453,수리산,수리산
3900454,대야미,대야미
3900455,반월,반월
3900456,상록수,상록수
3900457,한대앞,한대앞
3900458,중앙,중앙
3900459,고잔,고잔
3900460,공단,공단
3900460,초지,초지
3900461,안산,안산
3900462,신길온천,신길온
3900463,정왕,정왕
3900464,오이도,오이도
3900465,범계,범계
3900466,평촌동,평촌동
3900467,인덕원,인덕원
3900468,과천청사,과천청
3900469,과천,과천
3900470,대공원,대공원
3900471,경마공원,경마공
3900472,선바위,선바위
3900473,선릉,선릉
3900474,한티,한티
3900475,도곡,도곡
3900476,구룡역,구룡역
3900477,개포동,개포동
3900478,대모산입구,대모산
3900479,수서,수서
3900480,복정,복정
3900481,경원대,경원대
3900481,가천대,가천대
3900482,태평,태평
3900483,모란,모란
3900484,야탑,야탑
3900485,이매,이매
3900486,서현,서현
3900487,수내,수내
3900488,정자,정자
3900489,미금,미금
3900490,오리,오리
3900491,죽전,죽전
3900492,보정,보정
3900493,분당기지,분당기
3900494,지축,지축
3900495,삼송,삼송
3900496,원당,원당
3900497,화정,화정
3900498,3대곡,3대곡
3900499,백석,백석
3900500,마두,마두
3900501,정발산,정발산
3900502,주엽,주엽
3900503,대화,대화
3900504,지축기지,지축기
3900505,아천,아천
3900506,두원,두원
3900507,옥산,옥산
3900508,청리,청리
3900509,상주,상주
3900510,백원,백원
3900511,양정,양정
3900512,함창,함창
3900513,점촌,점촌
3900514,산양,산양
3900515,용궁,용궁
3900516,개포,개포
3900517,율현,율현
3900518,가동,가동
3900519,예천,예천
3900520,고평,고평
3900521,미산,미산
3900522,보문,보문
3900523,어등,어등
3900524,미룡,미룡
3900525,반구,반구
3900526,주평,주평
3900527,진남,진남
3900528,신현,신현
3900529,마성,마성
3900530,문경,문경
3900530,구_문경,구문경
3900531,개정,개정
3900532,군산,군산
3900532,군산화물,군산화
3900533,옥구,옥구
3900534,연무대,연무대
3900535,구랑리,구랑리
3900536,가은,가은
3900537,장성화물,장성화
3900538,극락강,극락강
3900539,광주,광주
3900540,대불,대불
3900541,북전주,북전주
3900542,부강화물,부강화
3900543,신동화물,신동화
3900544,흥국사,흥국사
3900545,적량,적량
3900546,초남,초남
3900547,황길,황길
3900548,태금,태금
3900549,광양항,광양항
3900550,북영주분기,북주분
3900550,북영주분기,북영주
3900551,문단,문단
3900552,봉화,봉화
3900553,거촌,거촌
3900554,봉성,봉성
3900555,법전,법전
3900556,춘양,춘양
3900557,녹동,녹동
3900558,임기,임기
3900559,현동,현동
3900560,분천,분천
3900561,양원,양원
3900562,승부,승부
3900563,석포,석포
3900564,동점,동점
3900565,철암,철암
3900566,백산,백산
3900567,동백산,동백산
3900568,통리,통리
3900569,심포리,심포리
3900570,흥전,흥전
3900571,나한정,나한정
3900572,도계,도계
3900573,고사리,고사리
3900574,하고사리,하고사
3900575,마차리,마차리
3900576,신기,신기
3900577,상정,상정
3900578,미로,미로
3900579,도경리,도경리
3900580,동해,동해
3900581,묵호,묵호
3900582,망상,망상
3900583,망상해,망상해
3900584,옥계,옥계
3900585,정동진,정동진
3900586,안인,안인
3900587,강릉,강릉
3900588,별어곡,별어곡
3900589,선평,선평
3900590,정선,정선
3900591,나전,나전
3900592,아우라지,아우라
3900593,구절리,구절리
3900594,함백,함백
3900595,추암,추암
3900596,삼척해변,삼척해
3900597,삼척,삼척
3900598,장락,장락
3900599,송학,송학
3900600,입석리,입석리
3900601,쌍용,쌍용
3900601,쌍룡,쌍룡
3900602,연당,연당
3900603,청령포,청령포
3900604,영월,영월
3900605,탄부,탄부
3900606,연하,연하
3900607,석항,석항
3900608,예미,예미
3900609,조동,조동
3900610,자미원,자미원
3900611,증산,증산
3900611,민둥산,민둥산
3900612,사북,사북
3900613,고한,고한
3900614,추전,추전
3900615,태백,태백
3900616,문곡,문곡
3900617,동백산분기,동백분
3900617,동백산분기,동백산
3900617,태백선분기,태백분
3900618,묵호항,묵호항
3900619,삼화,삼화
3900620,범일,범일
3900621,부전,부전
3900622,거제,거제
3900622,거제해맞이,거제해
3900623,남문구,남문구
3900623,거제,거제
3900624,동래,동래
3900625,안락,안락
3900626,재송,재송
3900627,수영,수영
3900627,센텀,센텀
3900628,우일,우일
3900628,벡스코,벡스코
3900629,해운대,해운대
3900629,신해운대,신해운
3900630,송정,송정
3900631,기장,기장
3900632,일광,일광
3900633,좌천,좌천
3900634,월내,월내
3900635,서생,서생
3900636,남창,남창
3900637,덕하,덕하
3900638,선암,선암
3900638,개운포,개운포
3900639,울산,울산
3900639,태화강,태화강
3900640,효문,효문
3900641,호계,호계
3900642,모화,모화
3900643,입실,입실
3900643,외동,외동
3900644,죽동,죽동
3900645,불국사,불국사
3900646,동방,동방
3900647,경주,경주
3900647,구_경주,구_경주
3900648,나원,나원
3900649,청령,청령
3900650,사방,사방
3900651,안강,안강
3900651,구안강,구안강
3900652,양자동,양자동
3900653,부조,부조
3900653,구부조,구부조
3900654,효자,효자
3900655,양학동,양학동
3900656,포항,포항
3900656,구포항,구포항
3900657,온산,온산
3900658,장생포,장생포
3900659,울산항,울산항
3900660,괴동,괴동
3900661,제철,제철
3900662,신창원,신창원
3900663,남창원,남창원
3900664,성주사,성주사
3900665,경화,경화
3900666,진해,진해
3900667,통해,통해
3900668,동촌,동촌
3900669,반야월,반야월
3900670,금강,금강
3900671,청천,청천
3900672,하양,하양
3900673,금호,금호
3900674,봉정,봉정
3900674,봉정_폐지,폐지
3900675,북영천분기,북천분
3900675,북영천분기,북영천
3900675,북영천분기,북영분
3900676,주례,주례
3900677,가야,가야
3900678,양산화물,양산화
3900679,우암,우암
3900680,신선대,신선대
3900681,낙동강,낙동강
3900682,한림정,한림정
3900683,진영,진영
3900684,덕산,덕산
3900685,창원,창원
3900686,마산,마산
3900687,중리,중리
3900688,산인,산인
3900689,함안,함안
3900690,군북,군북
3900691,원북,원북
3900692,평촌,평촌
3900693,진주수목원,진주수
3900694,반성,반성
3900695,진성,진성
3900696,갈촌,갈촌
3900697,남문산,남문산
3900698,개양,개양
3900699,진주,진주
3900700,유수,유수
3900701,완사,완사
3900702,다솔사,다솔사
3900703,북천,북천
3900704,양보,양보
3900705,횡천,횡천
3900706,하동,하동
3900707,진상,진상
3900708,옥곡,옥곡
3900709,골약,골약
3900710,광양,광양
3900711,평화,평화
3900712,원창,원창
3900713,구룡,구룡
3900714,벌교,벌교
3900715,조성,조성
3900716,예당,예당
3900717,득량,득량
3900718,보성,보성
3900719,광곡,광곡
3900720,명봉,명봉
3900721,도림,도림
3900722,이양,이양
3900723,입교,입교
3900724,석정리,석정리
3900725,능주,능주
3900726,만수,만수
3900727,화순,화순
3900728,앵남,앵남
3900729,남평,남평
3900730,효천,효천
3900731,서광주,서광주
3900732,남광주,남광주
3900733,동송정신호,동송정
3900734,광주선분기,광주분
3900734,광주선분기,광주선
3900735,북송정분기,북송분
3900735,북송정분기,북송정
3900736,지하서울,지하서
3900737,시청,시청
3900738,종각,종각
3900739,1종로3가,1종로
3900740,종로5가,종로5
3900741,1동대,1동대
3900742,동묘,동묘
3900742,동묘앞,동묘앞
3900743,신설동,신설동
3900744,제기동,제기동
3900745,1지청량리,1지청
3900746,지하청량리,지하청
3900746,4하청량리,4하청
3900747,2신설,2신설
3900748,신답,신답
3900749,용답,용답
3900750,성수,성수
3900751,건대입구,건대입
3900752,구의,구의
3900753,강변,강변
3900754,성내,성내
3900754,잠실나루,잠실나
3900755,잠실,잠실
3900756,신천,신천
3900757,종합운동장,종합운
3900758,2삼성,2삼성
3900759,2선릉,2선릉
3900760,역삼,역삼
3900761,강남,강남
3900762,2교대,2교대
3900763,서초,서초
3900764,방배,방배
3900765,2사당,2사당
3900766,낙성대,낙성대
3900767,서울대,서울대
3900768,2봉천,2봉천
3900769,2신림,2신림
3900770,신대방,신대방
3900771,구로공단,구로공
3900772,대림,대림
3900773,2신도림,2신도
3900774,문래,문래
3900775,2영등포구,2영등
3900776,당산,당산
3900777,합정,합정
3900778,홍대입구,홍대입
3900778,2홍대입구,2홍대
3900779,2신촌,2신촌
3900780,이대,이대
3900781,아현동,아현동
3900782,충정로,충정로
3900783,2시청,2시청
3900784,을지입구,을지입
3900785,2을지로3,2을지
3900786,을지로4,을지로
3900787,2동운동장,2동운
3900788,신당,신당
3900789,상왕십리,상왕십
3900790,2왕십리,2왕십
3900791,한양대,한양대
3900792,뚝섬,뚝섬
3900793,도림천,도림천
3900794,양천구청,양천구
3900795,신정네거리,신정네
3900796,3지축,3지축
3900797,구파발,구파발
3900798,연신내,연신내
3900799,불광,불광
3900800,녹번,녹번
3900801,홍제,홍제
3900802,무악재,무악재
3900803,독립문,독립문
3900804,경복궁,경복궁
3900805,안국,안국
3900806,3종로3가,3종로
3900807,3을지로3,3을지
3900808,3충무로,3충무
3900809,동대입구,동대입
3900810,약수,약수
3900811,금호3,금호3
3900812,3옥수,3옥수
3900813,압구정,압구정
3900814,신사,신사
3900815,잠원,잠원
3900816,고속터미널,고속터
3900817,교대,교대
3900818,남부터미널,남부터
3900819,양재,양재
3900820,매봉,매봉
3900821,3도곡,3도곡
3900822,대치,대치
3900823,학여울,학여울
3900824,대청,대청
3900825,일원,일원
3900826,3수서,3수서
3900827,가락시장,가락시
3900828,경찰병원,경찰병
3900829,오금,오금
3900830,당고개,당고개
3900831,상계,상계
3900832,노원,노원
3900833,4창동,4창동
3900834,쌍문,쌍문
3900835,수유,수유
3900836,미아,미아
3900837,미아3거리,미아3
3900837,미아4거리,미아4
3900838,길음,길음
3900839,성신여대,성신여
3900840,한성대,한성대
3900841,혜화,혜화
3900842,4동대,4동대
3900843,4동운동장,4동운
3900844,4충무로,4충무
3900845,명동,명동
3900846,회현,회현
3900847,4서울,4서울
3900848,숙대입구,숙대입
3900849,삼각지,삼각지
3900850,신용산,신용산
3900851,4이촌,4이촌
3900852,동작,동작
3900853,총신대,총신대
3900854,사당,사당
3900855,남태령,남태령
3900856,방화,방화
3900857,마천,마천
3900858,병점차,병점차
3900859,군자기지,군자기
3900860,이문차,이문차
3900861,문산차,문산차
3900862,서동탄,서동탄
3900863,동해기관,동해기
3900864,특별동차,특별동
3900865,용산동차,용산동
3900866,구로차량,구로차
3900867,안산차량,안산차
3900868,부곡기분,부곡기
3900869,대전기관,대전기
3900870,김천기관,김천기
3900871,대구기관,대구기
3900872,청량기관,청량기
3900873,성북차분,성북차
3900874,익산기관,익산기
3900875,가야기관,가야기
3900876,경주기관,경주기
3900877,인천차분,인천차
3900878,마산기관,마산기
3900879,창동기지,창동기
3900880,시흥기지,시흥기
3900881,수서기지,수서기
3900882,시흥남분기,시흥남
3900882,시흥연결선,시흥연
3900882,시흥연결,시흥연
3900883,광명,광명
3900884,천안아산,천안아
3900885,오송기지,오송기
3900885,청주오송,청주오
3900886,대전북분기,대전북
3900886,대전북연결,대전북
3900887,대전남분기,대전남
3900887,대전남연결,대전남
3900888,대구북분기,대구북
3900888,대구북연결,대구북
3900889,고양기지,고양기
3900890,부산기지,부산기
3900891,광명기지,광명기
3900892,부산신항,부산신
3900892,부산신항,부산항
3900893,신광양항,신광양
3900894,김천구미,김천구
3900895,신경주,신경주
3900895,경주,경주
3900896,신울산,신울산
3900896,울산,울산
3900897,부산북,부산북
3900898,상봉,상봉
3900899,장유,장유
3900900,신진영,신진영
3900901,진례,진례
3900902,북창원,북창원
3900902,창원중앙,창원중
3900903,고모분기,고모분
3900904,오송기지,오송기
3900905,고모기지,고모기
3900910,외고산,외고산
3900912,대구남연결,대구남
3900920,철송장,철송장
3900920,북철송장,북철송
3900921,평내기지,평내기
3900922,갈매,갈매
3900923,오빈,오빈
3900924,신내,신내
3900925,별내,별내
3900926,서울(공항,서울공
3900927,인천국제공,인천국
3900927,인천공항,인천국
3900928,홍대입(공,홍대공
3900929,디지털(공,디엠공
3900930,김포공항,김포공
3900931,계양,계양
3900932,검암,검암
3900933,운서,운서
3900934,공항화물청,공항화
3900935,용강신호소,용강
3900936,제진,제진
3900937,감호,감호
3900938,군사분계선,군분선
3900939,서울차량사업소,서울차
3900940,수색차량사업소,수색차
3900941,시흥차량사업소,시흥차
3900942,수도권철도차량정비단,수단일반
3900943,강릉차량사업소,강릉차
3900944,순천차량사업소,순천차
3900945,광주차량사업소,광주차
3900946,천안차량사업소,천안차
3900947,목포차량사업소,목포차
3900948,장항차량사업소,장항차
3900949,영주차량사업소,영주차
3900950,제천차량사업소,제천차
3900951,여수차량사업소,여수차
3900952,포항차량사업소,포항차
3900953,부산차량사업소,부산차
3900954,부산신항차량사업소,부산신항차
3900955,부전차량사업소,부전차
3900956,부산진차량사업소,부산진차
3900957,일산차량사업소,일산차
3900958,대전철도차량정비단,대전정비
3900959,판교-전철,판교1
3900959,신판교,신판교
3900960,이매여주선,이매1
3900960,이매1,이매1
3900960,신이매,신이매
3900961,삼동,삼동
3900962,광주-전철,광주1
3900962,경기광주,경광주
3900963,쌍동,쌍동
3900963,초월,초월
3900964,곤지암,곤지암
3900965,신둔,신둔
3900965,신둔도예촌,도예촌
3900966,이천,이천
3900967,부발,부발
3900968,능서,능서
3900968,영릉,영릉
3900968,세종대왕릉,세종릉
3900969,여주,여주
3900970,부발차량기,부발기
3900970,부발차량기,부발차
3900971,부산철도차량정비단,부단일반
3900972,청량리차량사업소,청량차량
3900973,부곡차량사업소,부곡차량
3900974,대전차량사업소,대전차량
3900975,대전조차장차량사업소,대전조차량
3900976,제천조차장차량사업소,제천조차량
3900977,익산차량사업소,익산차량
3900978,동해차량사업소,동해차량
3900979,대구차량사업소,대구차량
3900980,가야차량사업소,가야차량
3900980,가야차량,가야차량
3900981,마산차량사업소,마산차량
3900982,분당차량사업소,분당차량
3900983,평내차량사업소,평내차량
3900984,구성,구성
3900985,신갈,신갈
3900986,기흥,기흥
3900987,용문기지,용문차
3900988,송도,송도
3900989,월곶,월곶
3900990,소래포구,소래포
3900991,인천논현,인천논
3900992,호구포,호구포
3900993,남동인더스,남동인
3900994,원인재,원인재
3900995,연수,연수
3900996,솔안,솔안
3900997,서원주,서원주
3900998,서울숲,서울숲
3900999,압구로데오,로데오
3901000,강남구청,강남구
3901001,선정릉,선정릉
3901002,상갈,상갈
3901003,청명,청명
3901004,영통,영통
3901005,망포,망포
3901006,공덕,공덕
3901007,홍대입구,홍대입
3901008,백마고지,백마고
3901009,남철송장,남철송
3901010,천마산,천마산
3901011,매탄권선,매탄권
3901012,수원시청,수원시
3901013,매교,매교
3901014,신수원,신수원
3901016,공항연결,공항연
3901017,영종,영종
3901018,청라,청라
3901019,수색연결,수색연
3901020,공덕공,공덕공
3901021,용유기지,용유차
3901022,비동,비동
3901023,강매,강매
3901024,달월,달월
3901025,원흥,원흥
3901026,공주,공주
3901027,익산북연결,익산북
3901028,익산분기,익산분
3901029,익산남연결,익산남
3901030,광주송북연,광북연
3901031,신경주분기,신경분
3901032,숙성,숙성
3901032,창내신호장,창내신
3901033,숙성신호소,숙성신
3901033,신대신호소,신대신
3901034,미군기지,미기지
3901035,광주기지,광주기
3901036,신모량,신모량
3901036,모량,모량
3901037,신나원,신나원
3901037,서경주,서경주
3901038,신안강,신안강
3901038,안강,안강
3901039,신부조,신부조
3901039,부조,부조
3901040,신포항,신포항
3901040,포항,포항
3901041,야당,야당
3901042,SR분기,SR분
3901043,S수서,S수서
3901044,동탄,동탄
3901044,S동탄,S동탄
3901045,S지제,S지제
3901045,평택지제,평택지
3901046,도계솔안,도계솔
3901047,인하대,인하대
3901048,숭의,숭의
3901049,신포,신포
3901050,신인천,신인천
3901051,동교대,동교대
3901051,부산교대,부교대
3901052,오시리아,오시리
3901053,부산전동차,부전차
3901053,부산전동차,부산전
3901054,SR본사,SR본사
3901055,S성남,S성남
3901056,S용인,S용인
3901056,S구성,S구성
3901057,횡성,횡성
3901058,둔내,둔내
3901059,평창,평창
3901060,진부,진부
3901061,대관령,대관령
3901062,남강릉,남강릉
3901063,인천공항T2,공항T2
3901064,대전차량,대전차
3901065,월포,월포
3901066,장사,장사
3901067,강구,강구
3901068,영덕,영덕
3901069,강릉차분기,강릉분
3901070,강릉기지,강릉기
3901071,청량신호소,청량신
3901072,신소사,신소사
3901073,원시,원시
3901074,소새울,소새울
3901075,신대야,신대야
3901075,시흥대야,시흥대
3901076,신신천,신신천
3901077,신신현,신신현
3901078,시흥시청,시흥청
3901079,시흥능곡,시흥능
3901080,달미,달미
3901081,선부광장,선부광
3901081,선부,선부
3901082,신초지,신초지
3901083,안산스마트허브,안산SH
3901083,안산스마트,안산SH
3901083,원곡,원곡
3901083,시우,시우
3901084,마곡나루,마곡나루
3901085,청량신호B,청량B
3901086,청량신호C,청량C
3901087,영일만항,영일만
3901088,부산원동,부산원
3901089,고색,고색
3901090,오목천,오목천
3901091,어천,어천
3901092,야목,야목
3901093,사리,사리
3901094,망양,망양
3901095,구_용암,구_용암
3901096,구_울산신항,구_울산신
3901097,용암,용암
3901098,울산신항,울산신
3901099,남원주,남원주
3901099,신원주,신원주
3901099,원주,원주
3901100,운학,운학
3901101,망호,망호
3901102,신안동,신안동
3901102,안동,안동
3901103,서익산분기,서익분
3901103,목천신호소,목천신
3901104,신웅천,신웅천
3901104,웅천,웅천
3901105,신대야,신대야
3901105,대야,대야
3901106,군산옥산,군산옥
3901107,군산항,군산항
3901108,부발신호장,부발신
3901108,아미,아미
3901109,울산기지,울산기
3901110,탕정,탕정
3901111,신동연결,신동연
3901112,서대구,서대구
3901113,북울산,북울산
3901114,가남,가남
3901115,감곡장호원,감곡장
3901116,앙성온천,앙성온
3901117,금가신호장,금가신
3901117,금가,금가
3901118,별내별가람,별가람
3901119,오남,오남
3901120,진접,진접
3901121,물류사업본부,물류본부
3901122,부천종합운,부천종
3901123,원종,원종
3901124,합숙,합숙
3901125,신능곡,신능곡
3901126,신김포공항,신김포
3901127,신대곡,신대곡
3901128,성남,성남
3901129,수서분기,수서분
3901130,G수서,G수서
3901131,미력,미력
3901132,서화성남양,서화성
3901132,서화성,서화성
3901133,화성시청,화성시
3901134,향남,향남
3901135,안중,안중
3901136,인주,인주
3901137,합덕,합덕
3901138,살미,살미
3901139,수안보온천,수안온
3901140,연풍,연풍
3901141,문경,문경
